tried,link 
Made,https://www.foodnetwork.com/recipes/tyler-florence/oven-fries-recipe-1946000
Made,https://nomnompaleo.com/post/36962406393/pressure-cooker-lamb-shanks
Made,https://www.allrecipes.com/recipe/241281/my-red-beans-and-rice/
Made,http://appetiteforchina.com/recipes/sichuan-dried-fried-green-beans
Made,https://dishingouthealth.com/mediterranean-baked-cod
Made,https://cooking.nytimes.com/recipes/11587-caramelized-brown-butter-rice-krispies-treats?smid=ck-recipe-android-share
Made,https://www.seriouseats.com/easy-roasted-garlic-focaccia-no-knead-bread-recipe
Made,https://www.dadcooksdinner.com/pressure-cooker-beef-shank-osso-bucco/#tasty-recipes-10738-jump-target
Made,https://www.simplyrecipes.com/recipes/oxtail_stew/
Made,https://www.paintthekitchenred.com/authentic-instant-pot-red-beans-and-rice/#recipe
Made,https://www.thechunkychef.com/easy-copycat-honeybaked-ham-recipe/
Made,https://feelgoodfoodie.net/recipe/lebanese-garlic-sauce/
Made,https://www.unicornsinthekitchen.com/turkish-white-bean-salad/
Made,https://www.lovefoodhatewaste.com/foods-and-recipes/chickpea-and-mushroom-slow-cooker-feast
Made,https://www.seriouseats.com/basic-hummus-from-jerusalem-ottolenghi
Made,https://www.foodnetwork.com/recipes/aarti-sequeira/lebanese-lentils-rice-and-caramelized-onions-mujadara-recipe-1925439
Made,https://www.foodnetwork.com/recipes/alton-brown/beef-and-barley-stew-recipe-2010350
Made,https://www.mobkitchen.co.uk/recipes/spiced-carrot-soup
Made,https://www.jimmydean.com/recipes/dinner/sausage-cornbread-stuffing/
Made,https://www.seriouseats.com/recipes/2014/10/easy-lentil-soup-parsley-garlic-lemon-gremolata-recipe.html
Made,https://www.seriouseats.com/recipes/2012/08/green-curry-with-lake-trout-and-green-beans-recipe.html
Made,https://www.seriouseats.com/recipes/2013/08/german-potato-salad.html
Made,https://www.tasteofhome.com/recipes/mom-s-chicken-tetrazzini/
Made,https://www.goodhousekeeping.com/food-recipes/a37551/sausage-stuffed-zucchini-boats-recipe/
Made,https://www.kingarthurflour.com/recipes/sourdough-pizza-crust-recipe
Made,https://www.seriouseats.com/chicken-massaman-curry-wheat-beer-potatoes-recipe
Made,https://www.bonappetit.com/recipe/wedding-chicken
Made,https://www.thekitchn.com/recipe-mexican-rice-recipes-from-the-kitchn-198867
Made,https://barefootcontessa.com/recipes/orzo-with-roasted-vegetables-1
Made,https://www.foodandwine.com/recipes/zaatar-spiced-beet-dip-goat-cheese-and-hazelnuts
Made,https://www.hiddenvalley.com/recipe/hidden-valley-ranch-bread/
Made,https://www.fivehearthome.com/savory-herb-cheese-monkey-bread/
Made,https://barefootcontessa.com/recipes/green-beans-gremolata
Made,https://elavegan.com/vegan-chickpea-curry-oil-free-recipe/
Made,https://youtu.be/yEtlkePFIGM?si=ELefRPLgJjbVxt4B
Made,https://www.saveur.com/article/Recipes/Lemon-and-Olive-Oil-Sauce-Ladolemono/
Made,https://www.nourish-and-fete.com/tuscan-white-bean-skillet/
Made,https://www.seriouseats.com/the-best-baba-ganoush-recipe
Made,https://www.seriouseats.com/pressure-cooker-mushroom-risotto-recipe
Made,https://www.simplyleb.com/recipe/zaatar-crescent-rolls/
Made,https://www.simplyrecipes.com/recipes/grilled_eggplant_sandwich/
Made,https://www.simplyrecipes.com/recipes/eggplant_green_curry/
Made,https://www.foodrepublic.com/recipes/chana-dal-with-golden-garlic-tarka/
Made,https://www.mexicanist.com/l/the-pozole-masterpiece-of-mexican-cuisine/
Made,https://www.instagram.com/p/Cxqv6e5yl0M/
Made,https://www.seriouseats.com/recipes/2015/11/rack-of-pork-loin-roast-recipe.html
Made,https://www.seriouseats.com/recipes/2017/03/easy-pressure-cooker-pork-chile-verde-recipe.html
Made,https://thedomesticman.com/2012/03/15/chicken-paprikash-paprikas-csirke/
Made,https://cassidyscraveablecreations.com/spaghetti-squash-carbonara/
Made,https://nomnompaleo.com/2017041820170418instant-pot-pressure-cooker-carnitas#wprm-recipe-container-4613
Made,https://shankitchen.com/recipe/biryani/
Made,https://www.seriouseats.com/spicy-nduja-tomato-sauce
Made,https://www.seriouseats.com/black-eyed-peas-kale-andouille-sausage-stew-one-pot-recipe
Made,https://www.thegazette.com/food-drink/the-better-lamb-chop/
Haven't tried,https://www.allrecipes.com/recipe/263037/instant-pot-best-beef-stew/?utm_source=emailshare&utm_medium=email&utm_campaign=email-share-recipe&utm_content=20200920
Haven't tried,https://www.allrecipes.com/recipe/204482/zucchini-pizza-bake/
Haven't tried,https://www.epicurious.com/recipes/food/views/chickpea-salad-sandwich-with-creamy-carrot-radish-slaw
Haven't tried,https://www.allrecipes.com/recipe/241927/waffled-falafel/
Haven't tried,https://smittenkitchen.com/2024/01/french-onion-baked-lentils-and-farro/
Haven't tried,https://www.allrecipes.com/recipe/216756/baked-ham-and-cheese-party-sandwiches/
Haven't tried,https://cooking.nytimes.com/recipes/1020463-coconut-curry-chickpeas-with-pumpkin-and-lime?smid=ck-recipe-android-share
Haven't tried,https://tastecooking.com/recipes/honey-roasted-carrots-with-tahini-yogurt/
Haven't tried,https://cooking.nytimes.com/recipes/1023925-charred-cabbage-and-lentil-soup?campaign_id=222&emc=edit_veg_20231019&instance_id=105596&nl=the-veggie&regi_id=80227272&segment_id=147771&te=1&user_id=65f265f53dc99fd012f8681743b97683
Haven't tried,https://gypsyplate.com/jamaican-curry-shrimp/
Haven't tried,https://cooking.nytimes.com/recipes/1024048-zaatar-and-labneh-spaghetti?smid=ck-recipe-android-share
Haven't tried,https://cooking.nytimes.com/recipes/1023609-chile-crisp-fettuccine-alfredo-with-spinach?smid=ck-recipe-android-share
Haven't tried,https://cooking.nytimes.com/recipes/1022366-chile-crisp?smid=ck-recipe-android-share
Haven't tried,https://www.seriouseats.com/sofrito-puerto-rican-how-to-make-recipe
Haven't tried,https://www.seriouseats.com/gougeres
Haven't tried,https://www.bonappetit.com/recipe/cheesy-dutch-baby-recipe
Haven't tried,https://www.seriouseats.com/orecchiette-con-le-cime-di-rapa
Haven't tried,https://www.simplyrecipes.com/greek-salad-dressing-recipe-5225491
Haven't tried,https://www.americastestkitchen.com/recipes/14617-dutch-baby-with-burrata-and-prosciutto?pac=mY%2BpZATZV/T9SK5xsHSRDihbYb3SQN/g1urLzA4Pxv8=%0A&extcode=NSAKE08IG&utm_source=instagram&utm_medium=photo&utm_content=dutchbabysavory&utm_campaign=atkinstagram
Haven't tried,https://www.seriouseats.com/harissa-armenian-wheat-and-chicken-porridge-recipe-5224855?utm_campaign=later-linkinbio-seriouseats&utm_content=later-26044545&utm_medium=social&utm_source=linkin.bio
Haven't tried,https://www.seriouseats.com/fondant-potatoes-recipe-5217320
Haven't tried,https://www.lentils.org/recipe/lentil-basil-pesto-pasta/
Haven't tried,https://www.themodernnonna.com/jennifer-aniston-salad/#recipe
Haven't tried,https://www.seriouseats.com/spicy-chicken-noodle-soup-with-lime-and-ginger-recipe
Haven't tried,https://www.seriouseats.com/bravetarts-devils-food-cake
Haven't tried,https://www.mobkitchen.co.uk/recipes/herby-mushroom-stroganoff
Haven't tried,http://wegottaeat.com/eekstenzel/recipes/hungarian-mushroom-soup-recipe-national-exemplar-restaurant-mariemont-inn
Haven't tried,https://www.seriouseats.com/recipes/2017/02/easy-creamy-mushroom-soup-quick.html
Haven't tried,https://www.seriouseats.com/recipes/2012/08/peruvian-style-grilled-chicken-with-green-sauce-recipe.html
Haven't tried,https://www.seriouseats.com/recipes/2020/04/shredded-lamb-noodle-soup.html
Haven't tried,https://www.verybestbaking.com/toll-house/recipes/oatmeal-scotchies-2/
Haven't tried,https://feelgoodfoodie.net/recipe/kibbeh-balls/
Haven't tried,https://www.bonappetit.com/recipe/chicken-lentil-soup-with-jammy-onions
Haven't tried,https://www.seriouseats.com/recipes/2015/07/pizza-cherry-tomato-halloumi-olive-mint-recipe.html
Haven't tried,https://www.thekitchn.com/slow-cooker-chickpeas-vegetables-recipe-23077901?utm_source=RSS&utm_medium=feed&utm_campaign=Category/Channel:+main
Haven't tried,https://www.epicurious.com/recipes/food/views/carrot-ginger-dressing-233572
Haven't tried,https://cooking.nytimes.com/recipes/1017616-caramelized-tomato-tarte-tatin?smid=ig-nytcooking&utm_source=curalate_like2buy&utm_medium=curalate_like2buy_gnauQ5q1__9e9ff603-6735-4ac2-b714-f2bf745e86e5&crl8_id=9e9ff603-6735-4ac2-b714-f2bf745e86e5
Haven't tried,https://www.seriouseats.com/recipes/2012/07/esquites-mexican-street-corn-salad-recipe.html
Haven't tried,https://www.bluedragon.co.uk/recipes/crispy-shredded-beef
Haven't tried,https://www.bonappetit.com/recipes/slideshow/fig-recipes
Haven't tried,https://www.epicurious.com/recipes/food/views/lebanese-chicken-1204
Haven't tried,https://www.seriouseats.com/stir-fry-recipes-5117300
Haven't tried,https://www.seriouseats.com/serious-eats-halal-cart-style-chicken-and-rice-white-sauce-recipe
Haven't tried,https://www.seriouseats.com/traditional-french-cassoulet-recipe
Haven't tried,https://www.seriouseats.com/cuban-roast-pork-shoulder-mojo-recipe
Haven't tried,https://www.seriouseats.com/mapo-beans
Haven't tried,https://www.seriouseats.com/sichuan-roast-leg-lamb-celery-mint-salad-recipe
Haven't tried,https://www.seriouseats.com/peruvian-tiradito-with-aji-amarillo-and-lime
Haven't tried,https://barefootcontessa.com/recipes/emilys-english-roasted-potatoes
Haven't tried,https://www.seriouseats.com/super-thick-chocolate-chip-cookie-recipe
Haven't tried,https://www.seriouseats.com/the-best-general-tsos-chicken-food-lab-chinese-recipe
Haven't tried,https://profusioncurry.com/moroccan-lentil-stew/
Haven't tried,https://www.foodnetwork.com/recipes/top-secret-chocolate-cookies-recipe-1943775
Haven't tried,https://www.bonappetit.com/recipe/carbonara-lasagna
Haven't tried,https://www.seriouseats.com/thai-style-omelet-khai-jiao-recipe
Haven't tried,https://www.seriouseats.com/oyakodon-japanese-chicken-and-egg-rice-bowl-recipe